threads,Init,Exc
1,443.127,156.76
2,245.853,89.0657
4,123.448,45.3991
8,62.961,23.6045
16,31.9714,12.5091
32,16.9555,8.30576
64,11.5325,5.18008